,Type,Amount,percentage
0,Full-time,708,72.39263803680981
1,Contractor,141,14.417177914110429
2,Full–time,111,11.349693251533742
3,Part-time,11,1.1247443762781186
4,Internship,7,0.7157464212678937
